filingDate,ticker,form,accessionNumber,cik,source_url
2025-10-27,BMNR,8-K,0001493152-25-019644,0001829311,https://www.sec.gov/Archives/edgar/data/1829311/000149315225019644/form8-k.htm
2025-10-20,BMNR,8-K,0001493152-25-018577,0001829311,https://www.sec.gov/Archives/edgar/data/1829311/000149315225018577/form8-k.htm
2025-10-14,BMNR,8-K,0001493152-25-017868,0001829311,https://www.sec.gov/Archives/edgar/data/1829311/000149315225017868/form8-k.htm
2025-10-06,BMNR,8-K,0001493152-25-017019,0001829311,https://www.sec.gov/Archives/edgar/data/1829311/000149315225017019/form8-k.htm
2025-09-29,BMNR,8-K,0001493152-25-015879,0001829311,https://www.sec.gov/Archives/edgar/data/1829311/000149315225015879/form8-k.htm
2025-09-22,BMNR,8-K,0001493152-25-014392,0001829311,https://www.sec.gov/Archives/edgar/data/1829311/000149315225014392/form8-k.htm
2025-09-22,BMNR,424B5,0001493152-25-014391,0001829311,https://www.sec.gov/Archives/edgar/data/1829311/000149315225014391/form424b5.htm
2025-09-22,BMNR,8-K,0001493152-25-014387,0001829311,https://www.sec.gov/Archives/edgar/data/1829311/000149315225014387/form8-k.htm
2025-09-15,BMNR,8-K,0001493152-25-013376,0001829311,https://www.sec.gov/Archives/edgar/data/1829311/000149315225013376/form8-k.htm
2025-09-10,BMNR,8-K,0001493152-25-012968,0001829311,https://www.sec.gov/Archives/edgar/data/1829311/000149315225012968/form8-k.htm
2025-08-13,BRR,10-Q,0001213900-25-075706,0002056263,https://www.sec.gov/Archives/edgar/data/2056263/000121390025075706/ea0252478-10q_columbus1.htm
2025-07-30,BRR,8-K,0001213900-25-069267,0002056263,https://www.sec.gov/Archives/edgar/data/2056263/000121390025069267/ea025082001-8k425_columbus1.htm
2025-07-28,BRR,8-K,0001213900-25-068239,0002056263,https://www.sec.gov/Archives/edgar/data/2056263/000121390025068239/ea0250383-8k425_columbus1.htm
2025-07-24,BRR,8-K,0001213900-25-067332,0002056263,https://www.sec.gov/Archives/edgar/data/2056263/000121390025067332/ea0250174-8k425_columbus1.htm
2025-06-27,BRR,8-K,0001213900-25-059039,0002056263,https://www.sec.gov/Archives/edgar/data/2056263/000121390025059039/ea0247064-8k425_columbus1.htm
2025-06-24,BRR,8-K,0001213900-25-057285,0002056263,https://www.sec.gov/Archives/edgar/data/2056263/000121390025057285/ea0246506-8k425_columbus1.htm
2025-06-18,BRR,8-K,0001213900-25-055372,0002056263,https://www.sec.gov/Archives/edgar/data/2056263/000121390025055372/ea024608701-8k_colombus.htm
2025-06-06,BRR,8-K,0001213900-25-052142,0002056263,https://www.sec.gov/Archives/edgar/data/2056263/000121390025052142/ea024473401-8k_columbus1.htm
2025-05-23,BRR,8-K,0001213900-25-047390,0002056263,https://www.sec.gov/Archives/edgar/data/2056263/000121390025047390/ea0243288-8k_columbus1.htm
2025-05-20,BRR,8-K,0001213900-25-046062,0002056263,https://www.sec.gov/Archives/edgar/data/2056263/000121390025046062/ea0242798-8k_columbus1.htm
2025-10-02,BTBT,8-K,0001213900-25-095533,0001710350,https://www.sec.gov/Archives/edgar/data/1710350/000121390025095533/ea0259669-8k_bitdigital.htm
2025-10-01,BTBT,424B5,0001213900-25-094778,0001710350,https://www.sec.gov/Archives/edgar/data/1710350/000121390025094778/ea0259621-424b5_bitdigital.htm
2025-09-29,BTBT,424B5,0001213900-25-093122,0001710350,https://www.sec.gov/Archives/edgar/data/1710350/000121390025093122/ea0258576-424b5_bitdigital.htm
2025-09-29,BTBT,8-K,0001213900-25-093092,0001710350,https://www.sec.gov/Archives/edgar/data/1710350/000121390025093092/ea0259157-8k_bitdigital.htm
2025-09-25,BTBT,8-K,0001213900-25-091672,0001710350,https://www.sec.gov/Archives/edgar/data/1710350/000121390025091672/ea0258790-8k_bitdigital.htm
2025-09-24,BTBT,8-K,0001213900-25-090885,0001710350,https://www.sec.gov/Archives/edgar/data/1710350/000121390025090885/ea0258546-8k_bitdigital.htm
2025-09-22,BTBT,8-K,0001213900-25-090138,0001710350,https://www.sec.gov/Archives/edgar/data/1710350/000121390025090138/ea0258282-8k_bitdigital.htm
2025-09-19,BTBT,8-K,0001213900-25-089644,0001710350,https://www.sec.gov/Archives/edgar/data/1710350/000121390025089644/ea0258085-8k_bitdigital.htm
2025-09-17,BTBT,8-K,0001213900-25-088495,0001710350,https://www.sec.gov/Archives/edgar/data/1710350/000121390025088495/ea0257723-8k_bitdigital.htm
2025-09-10,BTBT,8-K,0001213900-25-086572,0001710350,https://www.sec.gov/Archives/edgar/data/1710350/000121390025086572/ea0256830-8k_bitdigital.htm
2025-10-20,BTCM,424B3,0000950127-25-000117,0001517496,https://www.sec.gov/Archives/edgar/data/1517496/000095012725000117/prospectus_424_b3.htm
2025-07-14,BTCM,424B5,0001104659-25-067627,0001517496,https://www.sec.gov/Archives/edgar/data/1517496/000110465925067627/tm2520879d2_424b5.htm
2025-05-30,BTCM,424B5,0001104659-25-054903,0001517496,https://www.sec.gov/Archives/edgar/data/1517496/000110465925054903/tm2516475d1_424b5.htm
2024-11-06,BTCM,424B5,0001104659-24-114848,0001517496,https://www.sec.gov/Archives/edgar/data/1517496/000110465924114848/tm2427641d1_424b5.htm
2022-08-18,BTCM,424B5,0001104659-22-092401,0001517496,https://www.sec.gov/Archives/edgar/data/1517496/000110465922092401/tm2224075-1_424b5.htm
2022-08-16,BTCM,424B5,0001104659-22-091602,0001517496,https://www.sec.gov/Archives/edgar/data/1517496/000110465922091602/tm2223574-1_424b5.htm
2022-06-27,BTCM,424B5,0001104659-22-074605,0001517496,https://www.sec.gov/Archives/edgar/data/1517496/000110465922074605/tm2218980d1_424b5.htm
2021-04-20,BTCM,424B3,0000950127-21-000038,0001517496,https://www.sec.gov/Archives/edgar/data/1517496/000095012721000038/21-16_f424b3.htm
2025-09-08,BTCS,8-K,0001641172-25-026811,0001436229,https://www.sec.gov/Archives/edgar/data/1436229/000164117225026811/form8-k.htm
2025-08-18,BTCS,8-K,0001493152-25-012108,0001436229,https://www.sec.gov/Archives/edgar/data/1436229/000149315225012108/form8-k.htm
2025-08-14,BTCS,8-K,0001641172-25-023717,0001436229,https://www.sec.gov/Archives/edgar/data/1436229/000164117225023717/form8-k.htm
2025-08-13,BTCS,10-Q,0001641172-25-023517,0001436229,https://www.sec.gov/Archives/edgar/data/1436229/000164117225023517/form10-q.htm
2025-08-11,BTCS,8-K,0001493152-25-011802,0001436229,https://www.sec.gov/Archives/edgar/data/1436229/000149315225011802/form8-k.htm
2025-08-01,BTCS,8-K,0001493152-25-011543,0001436229,https://www.sec.gov/Archives/edgar/data/1436229/000149315225011543/form8-k.htm
2025-08-01,BTCS,424B5,0001493152-25-011541,0001436229,https://www.sec.gov/Archives/edgar/data/1436229/000149315225011541/form424b5.htm
2025-07-29,BTCS,S-3,0001641172-25-021449,0001436229,https://www.sec.gov/Archives/edgar/data/1436229/000164117225021449/forms-3.htm
2025-07-29,BTCS,S-3,0001641172-25-021447,0001436229,https://www.sec.gov/Archives/edgar/data/1436229/000164117225021447/forms-3.htm
2025-07-28,BTCS,8-K,0001493152-25-011437,0001436229,https://www.sec.gov/Archives/edgar/data/1436229/000149315225011437/form8-k.htm
2025-08-15,CEP,8-K,0001213900-25-077537,0001865602,https://www.sec.gov/Archives/edgar/data/1865602/000121390025077537/ea0253427-8k_cantor.htm
2025-08-13,CEP,10-Q,0001213900-25-075790,0001865602,https://www.sec.gov/Archives/edgar/data/1865602/000121390025075790/ea0251408-10q_cantor.htm
2025-07-29,CEP,8-K,0001213900-25-068458,0001865602,https://www.sec.gov/Archives/edgar/data/1865602/000121390025068458/ea0250538-8k425_cantor.htm
2025-07-16,CEP,8-K,0001213900-25-064742,0001865602,https://www.sec.gov/Archives/edgar/data/1865602/000121390025064742/ea0248610-8k_cantoreq.htm
2025-06-27,CEP,8-K,0001213900-25-059015,0001865602,https://www.sec.gov/Archives/edgar/data/1865602/000121390025059015/ea0247240-8k425_cantor.htm
2025-06-20,CEP,8-K,0001213900-25-055842,0001865602,https://www.sec.gov/Archives/edgar/data/1865602/000121390025055842/ea0246291-8k425_cantor.htm
2025-06-09,CEP,8-K,0001213900-25-052359,0001865602,https://www.sec.gov/Archives/edgar/data/1865602/000121390025052359/ea0245093-8k425_cantor.htm
2025-05-29,CEP,8-K,0001213900-25-048514,0001865602,https://www.sec.gov/Archives/edgar/data/1865602/000121390025048514/ea0243793-8k425_cantorequity.htm
2025-05-15,CEP,10-Q,0001213900-25-044273,0001865602,https://www.sec.gov/Archives/edgar/data/1865602/000121390025044273/ea0241012-10q_cantor.htm
2025-05-13,CEP,8-K,0001213900-25-042647,0001865602,https://www.sec.gov/Archives/edgar/data/1865602/000121390025042647/ea0241786-8k425_cantor.htm
2025-09-26,CLSK,8-K,0001193125-25-220444,0000827876,https://www.sec.gov/Archives/edgar/data/827876/000119312525220444/clsk-20250926.htm
2025-09-25,CLSK,8-K,0001193125-25-216457,0000827876,https://www.sec.gov/Archives/edgar/data/827876/000119312525216457/clsk-20250919.htm
2025-09-23,CLSK,8-K,0001193125-25-213437,0000827876,https://www.sec.gov/Archives/edgar/data/827876/000119312525213437/clsk-20250918.htm
2025-09-08,CLSK,8-K,0000950170-25-113381,0000827876,https://www.sec.gov/Archives/edgar/data/827876/000095017025113381/clsk-20250904.htm
2025-08-11,CLSK,8-K,0000950170-25-106224,0000827876,https://www.sec.gov/Archives/edgar/data/827876/000095017025106224/clsk-20250810.htm
2025-08-08,CLSK,8-K,0000950170-25-105347,0000827876,https://www.sec.gov/Archives/edgar/data/827876/000095017025105347/clsk-20250807.htm
2025-08-07,CLSK,10-Q,0000827876-25-000005,0000827876,https://www.sec.gov/Archives/edgar/data/827876/000082787625000005/clsk-20250630.htm
2025-05-08,CLSK,10-Q,0000950170-25-067219,0000827876,https://www.sec.gov/Archives/edgar/data/827876/000095017025067219/clsk-20250331.htm
2025-05-08,CLSK,8-K,0000950170-25-066936,0000827876,https://www.sec.gov/Archives/edgar/data/827876/000095017025066936/clsk-20250508.htm
2025-04-25,CLSK,8-K,0000950170-25-058862,0000827876,https://www.sec.gov/Archives/edgar/data/827876/000095017025058862/clsk-20250422.htm
2025-10-24,CORZ,10-Q,0001628280-25-046272,0001839341,https://www.sec.gov/Archives/edgar/data/1839341/000162828025046272/core-20250930.htm
2025-10-24,CORZ,8-K,0001628280-25-046263,0001839341,https://www.sec.gov/Archives/edgar/data/1839341/000162828025046263/core-20251024.htm
2025-10-22,CORZ,8-K,0001140361-25-038945,0001839341,https://www.sec.gov/Archives/edgar/data/1839341/000114036125038945/ef20057524_8k.htm
2025-10-15,CORZ,8-K,0001140361-25-038207,0001839341,https://www.sec.gov/Archives/edgar/data/1839341/000114036125038207/ef20057150_8k.htm
2025-10-14,CORZ,8-K,0001140361-25-037969,0001839341,https://www.sec.gov/Archives/edgar/data/1839341/000114036125037969/ef20056907_8k.htm
2025-08-08,CORZ,10-Q,0001628280-25-039284,0001839341,https://www.sec.gov/Archives/edgar/data/1839341/000162828025039284/core-20250630.htm
2025-08-08,CORZ,8-K,0001628280-25-039283,0001839341,https://www.sec.gov/Archives/edgar/data/1839341/000162828025039283/core-20250808.htm
2025-07-07,CORZ,8-K,0001193125-25-156266,0001839341,https://www.sec.gov/Archives/edgar/data/1839341/000119312525156266/d945892d8k.htm
2025-07-07,CORZ,8-K,0001193125-25-155925,0001839341,https://www.sec.gov/Archives/edgar/data/1839341/000119312525155925/d52423d8k.htm
2025-05-27,CORZ,8-K,0001628280-25-027960,0001839341,https://www.sec.gov/Archives/edgar/data/1839341/000162828025027960/core-20250523.htm
2025-10-17,COSM,8-K,0001477932-25-007629,0001474167,https://www.sec.gov/Archives/edgar/data/1474167/000147793225007629/cosm_8k.htm
2025-10-06,COSM,8-K,0001477932-25-007365,0001474167,https://www.sec.gov/Archives/edgar/data/1474167/000147793225007365/cosm_8k.htm
2025-10-01,COSM,8-K,0001477932-25-007274,0001474167,https://www.sec.gov/Archives/edgar/data/1474167/000147793225007274/cosm_8k.htm
2025-09-29,COSM,8-K,0001477932-25-007111,0001474167,https://www.sec.gov/Archives/edgar/data/1474167/000147793225007111/cosm_8k.htm
2025-09-23,COSM,S-3/A,0001477932-25-006931,0001474167,https://www.sec.gov/Archives/edgar/data/1474167/000147793225006931/cosm_s3a.htm
2025-09-19,COSM,424B3,0001477932-25-006892,0001474167,https://www.sec.gov/Archives/edgar/data/1474167/000147793225006892/cosmos_424b3.htm
2025-09-19,COSM,S-3,0001477932-25-006891,0001474167,https://www.sec.gov/Archives/edgar/data/1474167/000147793225006891/cosm_s3.htm
2025-08-18,COSM,10-Q,0001477932-25-005997,0001474167,https://www.sec.gov/Archives/edgar/data/1474167/000147793225005997/cosm_10q.htm
2025-08-11,COSM,8-K,0001477932-25-005628,0001474167,https://www.sec.gov/Archives/edgar/data/1474167/000147793225005628/cosm_8k.htm
2025-08-06,COSM,8-K,0001477932-25-005501,0001474167,https://www.sec.gov/Archives/edgar/data/1474167/000147793225005501/cosm_8k.htm
2025-10-22,DFDV,8-K,0001213900-25-101206,0001805526,https://www.sec.gov/Archives/edgar/data/1805526/000121390025101206/ea0262083-8k_defi.htm
2025-10-16,DFDV,8-K,0001213900-25-099344,0001805526,https://www.sec.gov/Archives/edgar/data/1805526/000121390025099344/ea0261467-8k_defi.htm
2025-10-14,DFDV,S-1/A,0001213900-25-098409,0001805526,https://www.sec.gov/Archives/edgar/data/1805526/000121390025098409/ea0260672-s1a1_defi.htm
2025-10-14,DFDV,S-1/A,0001213900-25-098405,0001805526,https://www.sec.gov/Archives/edgar/data/1805526/000121390025098405/ea0260671-s1a1_defi.htm
2025-10-08,DFDV,8-K,0001213900-25-097242,0001805526,https://www.sec.gov/Archives/edgar/data/1805526/000121390025097242/ea0260652-8k_defi.htm
2025-09-18,DFDV,8-K,0001213900-25-088983,0001805526,https://www.sec.gov/Archives/edgar/data/1805526/000121390025088983/ea0257899-8k_defi.htm
2025-09-16,DFDV,S-1,0001213900-25-088171,0001805526,https://www.sec.gov/Archives/edgar/data/1805526/000121390025088171/ea0256944-s1_defi.htm
2025-09-09,DFDV,S-1,0001213900-25-086178,0001805526,https://www.sec.gov/Archives/edgar/data/1805526/000121390025086178/ea0256321-s1_defi.htm
2025-08-28,DFDV,8-K,0000950170-25-111943,0001805526,https://www.sec.gov/Archives/edgar/data/1805526/000095017025111943/dfdv-20250828.htm
2025-08-26,DFDV,8-K,0000950170-25-111256,0001805526,https://www.sec.gov/Archives/edgar/data/1805526/000095017025111256/dfdv-20250824.htm
2025-09-10,DJT,8-K,0001140361-25-034510,0001849635,https://www.sec.gov/Archives/edgar/data/1849635/000114036125034510/ef20055380_8k.htm
2025-09-09,DJT,8-K,0001140361-25-034365,0001849635,https://www.sec.gov/Archives/edgar/data/1849635/000114036125034365/ef20055326_8k.htm
2025-08-26,DJT,8-K,0001140361-25-032763,0001849635,https://www.sec.gov/Archives/edgar/data/1849635/000114036125032763/ef20054596_8k.htm
2025-08-26,DJT,8-K,0001140361-25-032615,0001849635,https://www.sec.gov/Archives/edgar/data/1849635/000114036125032615/ef20054552_8k.htm
2025-08-08,DJT,8-K,0001140361-25-029747,0001849635,https://www.sec.gov/Archives/edgar/data/1849635/000114036125029747/ef20053543_8k.htm
2025-08-07,DJT,8-K,0001140361-25-029362,0001849635,https://www.sec.gov/Archives/edgar/data/1849635/000114036125029362/ef20053444_8k.htm
2025-08-06,DJT,8-K,0001140361-25-029058,0001849635,https://www.sec.gov/Archives/edgar/data/1849635/000114036125029058/ef20053299_8k.htm
2025-08-01,DJT,8-K,0001140361-25-028427,0001849635,https://www.sec.gov/Archives/edgar/data/1849635/000114036125028427/ef20053115_8k.htm
2025-08-01,DJT,10-Q,0001140361-25-028418,0001849635,https://www.sec.gov/Archives/edgar/data/1849635/000114036125028418/ef20050409_10q.htm
2025-07-21,DJT,8-K,0001140361-25-026510,0001849635,https://www.sec.gov/Archives/edgar/data/1849635/000114036125026510/ef20052322_8k.htm
2025-10-27,EMPD,8-K,0001683168-25-007778,0001829794,https://www.sec.gov/Archives/edgar/data/1829794/000168316825007778/empery_8k.htm
2025-10-20,EMPD,8-K,0001683168-25-007650,0001829794,https://www.sec.gov/Archives/edgar/data/1829794/000168316825007650/empery_8k.htm
2025-10-16,EMPD,8-K,0001683168-25-007584,0001829794,https://www.sec.gov/Archives/edgar/data/1829794/000168316825007584/empery_8k.htm
2025-10-14,EMPD,8-K,0001683168-25-007518,0001829794,https://www.sec.gov/Archives/edgar/data/1829794/000168316825007518/empery_8k.htm
2025-10-06,EMPD,8-K,0001683168-25-007415,0001829794,https://www.sec.gov/Archives/edgar/data/1829794/000168316825007415/empery_8k.htm
2025-09-26,EMPD,8-K,0001683168-25-007245,0001829794,https://www.sec.gov/Archives/edgar/data/1829794/000168316825007245/empery_8k.htm
2025-09-19,EMPD,8-K/A,0001683168-25-007143,0001829794,https://www.sec.gov/Archives/edgar/data/1829794/000168316825007143/empery_8ka.htm
2025-09-19,EMPD,8-K,0001683168-25-007128,0001829794,https://www.sec.gov/Archives/edgar/data/1829794/000168316825007128/empery_8k.htm
2025-09-19,EMPD,S-3ASR,0001683168-25-007127,0001829794,https://www.sec.gov/Archives/edgar/data/1829794/000168316825007127/empd_s3asr.htm
2025-09-18,EMPD,8-K,0001683168-25-007095,0001829794,https://www.sec.gov/Archives/edgar/data/1829794/000168316825007095/empery_8k.htm
2025-09-16,ETHM,8-K,0001213900-25-088254,0002028699,https://www.sec.gov/Archives/edgar/data/2028699/000121390025088254/ea0257600-8k425_dynamix.htm
2025-09-09,ETHM,8-K,0001213900-25-086219,0002028699,https://www.sec.gov/Archives/edgar/data/2028699/000121390025086219/ea0256703-8k425_dynamix.htm
2025-09-02,ETHM,8-K,0001213900-25-082962,0002028699,https://www.sec.gov/Archives/edgar/data/2028699/000121390025082962/ea0255431-8k425_dynamix.htm
2025-08-26,ETHM,8-K,0001213900-25-080531,0002028699,https://www.sec.gov/Archives/edgar/data/2028699/000121390025080531/ea0254594-8k425_dynamix.htm
2025-08-13,ETHM,10-Q,0001213900-25-075657,0002028699,https://www.sec.gov/Archives/edgar/data/2028699/000121390025075657/ea0252415-10q_dynamix.htm
2025-08-06,ETHM,8-K,0001213900-25-072294,0002028699,https://www.sec.gov/Archives/edgar/data/2028699/000121390025072294/ea025187101-8k425_dynamix.htm
2025-08-04,ETHM,8-K,0001213900-25-070903,0002028699,https://www.sec.gov/Archives/edgar/data/2028699/000121390025070903/ea0251499-8k425_dynamix.htm
2025-07-25,ETHM,8-K,0001213900-25-067776,0002028699,https://www.sec.gov/Archives/edgar/data/2028699/000121390025067776/ea0250107-8k425_dynamix.htm
2025-07-21,ETHM,8-K,0001213900-25-065907,0002028699,https://www.sec.gov/Archives/edgar/data/2028699/000121390025065907/ea0249661-8k425_dynamix.htm
2025-05-14,ETHM,10-Q,0001213900-25-043273,0002028699,https://www.sec.gov/Archives/edgar/data/2028699/000121390025043273/ea0241516-10q_dynamix.htm
2025-10-27,ETHZ,8-K,0001213900-25-102560,0001690080,https://www.sec.gov/Archives/edgar/data/1690080/000121390025102560/ea026264901-8k_ethzilla.htm
2025-10-23,ETHZ,8-K,0001213900-25-101418,0001690080,https://www.sec.gov/Archives/edgar/data/1690080/000121390025101418/ea0262209-8k_ethzilla.htm
2025-10-15,ETHZ,8-K,0001213900-25-098968,0001690080,https://www.sec.gov/Archives/edgar/data/1690080/000121390025098968/ea0261267-8k_ethzilla.htm
2025-10-08,ETHZ,8-K,0001213900-25-097483,0001690080,https://www.sec.gov/Archives/edgar/data/1690080/000121390025097483/ea0260653-8k_ethzilla.htm
2025-10-06,ETHZ,S-3ASR,0001213900-25-096539,0001690080,https://www.sec.gov/Archives/edgar/data/1690080/000121390025096539/ea0260297-s3asr_ethzilla.htm
2025-09-30,ETHZ,8-K,0001213900-25-093411,0001690080,https://www.sec.gov/Archives/edgar/data/1690080/000121390025093411/ea0259105-8k_ethzilla.htm
2025-09-25,ETHZ,8-K/A,0001213900-25-091334,0001690080,https://www.sec.gov/Archives/edgar/data/1690080/000121390025091334/ea0258605-8ka1_ethzilla.htm
2025-09-22,ETHZ,8-K,0001213900-25-089862,0001690080,https://www.sec.gov/Archives/edgar/data/1690080/000121390025089862/ea0258188-8k_ethzilla.htm
2025-09-19,ETHZ,8-K,0001213900-25-089546,0001690080,https://www.sec.gov/Archives/edgar/data/1690080/000121390025089546/ea0257818-8k_ethzilla.htm
2025-09-15,ETHZ,8-K,0001213900-25-087425,0001690080,https://www.sec.gov/Archives/edgar/data/1690080/000121390025087425/ea0257334-8k_ethzilla.htm
2025-10-20,EXOD,8-K,0001193125-25-243123,0001821534,https://www.sec.gov/Archives/edgar/data/1821534/000119312525243123/exod-20251020.htm
2025-10-09,EXOD,8-K,0001193125-25-235127,0001821534,https://www.sec.gov/Archives/edgar/data/1821534/000119312525235127/exod-20251009.htm
2025-09-08,EXOD,8-K,0000950170-25-113366,0001821534,https://www.sec.gov/Archives/edgar/data/1821534/000095017025113366/exod-20250908.htm
2025-08-11,EXOD,10-Q,0000950170-25-106553,0001821534,https://www.sec.gov/Archives/edgar/data/1821534/000095017025106553/exod-20250630.htm
2025-08-11,EXOD,8-K,0000950170-25-106548,0001821534,https://www.sec.gov/Archives/edgar/data/1821534/000095017025106548/exod-20250811.htm
2025-08-08,EXOD,8-K,0000950170-25-105481,0001821534,https://www.sec.gov/Archives/edgar/data/1821534/000095017025105481/exod-20250808.htm
2025-08-05,EXOD,8-K,0000950170-25-102405,0001821534,https://www.sec.gov/Archives/edgar/data/1821534/000095017025102405/exod-20250805.htm
2025-07-09,EXOD,8-K,0000950170-25-094816,0001821534,https://www.sec.gov/Archives/edgar/data/1821534/000095017025094816/exod-20250709.htm
2025-06-10,EXOD,8-K,0000950170-25-084134,0001821534,https://www.sec.gov/Archives/edgar/data/1821534/000095017025084134/exod-20250610.htm
2025-05-30,EXOD,424B3,0001193125-25-130776,0001821534,https://www.sec.gov/Archives/edgar/data/1821534/000119312525130776/d32120d424b3.htm
2025-10-28,FGNX,8-K,0001493152-25-019832,0001591890,https://www.sec.gov/Archives/edgar/data/1591890/000149315225019832/form8-k.htm
2025-10-27,FGNX,8-K,0001493152-25-019549,0001591890,https://www.sec.gov/Archives/edgar/data/1591890/000149315225019549/form8-k.htm
2025-10-21,FGNX,8-K,0001493152-25-018733,0001591890,https://www.sec.gov/Archives/edgar/data/1591890/000149315225018733/form8-k.htm
2025-10-14,FGNX,8-K,0001493152-25-018059,0001591890,https://www.sec.gov/Archives/edgar/data/1591890/000149315225018059/form8-k.htm
2025-10-14,FGNX,S-3ASR,0001493152-25-018058,0001591890,https://www.sec.gov/Archives/edgar/data/1591890/000149315225018058/forms-3asr.htm
2025-10-10,FGNX,8-K,0001493152-25-017711,0001591890,https://www.sec.gov/Archives/edgar/data/1591890/000149315225017711/form8-k.htm
2025-10-08,FGNX,8-K,0001493152-25-017381,0001591890,https://www.sec.gov/Archives/edgar/data/1591890/000149315225017381/form8-k.htm
2025-10-02,FGNX,8-K,0001493152-25-016619,0001591890,https://www.sec.gov/Archives/edgar/data/1591890/000149315225016619/form8-k.htm
2025-09-29,FGNX,8-K,0001493152-25-016041,0001591890,https://www.sec.gov/Archives/edgar/data/1591890/000149315225016041/form8-k.htm
2025-09-23,FGNX,8-K,0001493152-25-014551,0001591890,https://www.sec.gov/Archives/edgar/data/1591890/000149315225014551/form8-k.htm
2025-10-03,FLD,8-K/A,0001193125-25-230192,0001889123,https://www.sec.gov/Archives/edgar/data/1889123/000119312525230192/fld-20251001.htm
2025-10-02,FLD,424B3,0001193125-25-227165,0001889123,https://www.sec.gov/Archives/edgar/data/1889123/000119312525227165/424b3_no._4_eloc.htm
2025-10-02,FLD,424B3,0001193125-25-227152,0001889123,https://www.sec.gov/Archives/edgar/data/1889123/000119312525227152/424b3_pro._supp._no._13.htm
2025-10-01,FLD,8-K,0001193125-25-226833,0001889123,https://www.sec.gov/Archives/edgar/data/1889123/000119312525226833/fld-20251001.htm
2025-09-11,FLD,424B3,0000950170-25-114226,0001889123,https://www.sec.gov/Archives/edgar/data/1889123/000095017025114226/424b3_to_333-286294_v2.htm
2025-08-25,FLD,424B3,0000950170-25-111219,0001889123,https://www.sec.gov/Archives/edgar/data/1889123/000095017025111219/424b3_-_2_-_eloc_-_82525.htm
2025-08-25,FLD,424B3,0000950170-25-111192,0001889123,https://www.sec.gov/Archives/edgar/data/1889123/000095017025111192/424b3_-_pro_11_-_82525.htm
2025-08-25,FLD,8-K,0000950170-25-111188,0001889123,https://www.sec.gov/Archives/edgar/data/1889123/000095017025111188/fld-20250228.htm
2025-08-14,FLD,424B3,0000950170-25-108911,0001889123,https://www.sec.gov/Archives/edgar/data/1889123/000095017025108911/424b3_-_pro._supp_2_-_el.htm
2025-08-14,FLD,424B3,0000950170-25-108910,0001889123,https://www.sec.gov/Archives/edgar/data/1889123/000095017025108910/424b3_-_pro._supp._no._1.htm
2025-10-21,FORD,8-K,0001683168-25-007687,0000038264,https://www.sec.gov/Archives/edgar/data/38264/000168316825007687/forward_8k.htm
2025-10-10,FORD,8-K,0001683168-25-007508,0000038264,https://www.sec.gov/Archives/edgar/data/38264/000168316825007508/forward_i8k.htm
2025-09-17,FORD,8-K,0001683168-25-007047,0000038264,https://www.sec.gov/Archives/edgar/data/38264/000168316825007047/forward_i8k.htm
2025-09-17,FORD,S-3ASR,0001683168-25-007043,0000038264,https://www.sec.gov/Archives/edgar/data/38264/000168316825007043/forward_s3asr.htm
2025-09-16,FORD,8-K,0001683168-25-007036,0000038264,https://www.sec.gov/Archives/edgar/data/38264/000168316825007036/forward_i8k.htm
2025-09-15,FORD,8-K,0001683168-25-006963,0000038264,https://www.sec.gov/Archives/edgar/data/38264/000168316825006963/forward_8k.htm
2025-09-12,FORD,8-K,0001683168-25-006916,0000038264,https://www.sec.gov/Archives/edgar/data/38264/000168316825006916/forward_8k.htm
2025-09-11,FORD,424B5,0001683168-25-006851,0000038264,https://www.sec.gov/Archives/edgar/data/38264/000168316825006851/forward_424b5.htm
2025-09-11,FORD,8-K,0001683168-25-006838,0000038264,https://www.sec.gov/Archives/edgar/data/38264/000168316825006838/forward_8k.htm
2025-09-08,FORD,8-K,0001683168-25-006734,0000038264,https://www.sec.gov/Archives/edgar/data/38264/000168316825006734/forward_8k.htm
2025-10-07,GAME,8-K,0001493152-25-017320,0001714562,https://www.sec.gov/Archives/edgar/data/1714562/000149315225017320/form8-k.htm
2025-09-26,GAME,8-K,0001493152-25-015703,0001714562,https://www.sec.gov/Archives/edgar/data/1714562/000149315225015703/form8-k.htm
2025-09-11,GAME,8-K,0001641172-25-027096,0001714562,https://www.sec.gov/Archives/edgar/data/1714562/000164117225027096/form8-k.htm
2025-08-27,GAME,8-K,0001641172-25-025686,0001714562,https://www.sec.gov/Archives/edgar/data/1714562/000164117225025686/form8-k.htm
2025-08-15,GAME,8-K,0001641172-25-024283,0001714562,https://www.sec.gov/Archives/edgar/data/1714562/000164117225024283/form8-k.htm
2025-08-14,GAME,10-Q,0001641172-25-023972,0001714562,https://www.sec.gov/Archives/edgar/data/1714562/000164117225023972/form10-q.htm
2025-08-04,GAME,8-K,0001641172-25-021995,0001714562,https://www.sec.gov/Archives/edgar/data/1714562/000164117225021995/form8-k.htm
2025-07-29,GAME,8-K,0001641172-25-021355,0001714562,https://www.sec.gov/Archives/edgar/data/1714562/000164117225021355/form8-k.htm
2025-07-18,GAME,8-K,0001641172-25-020268,0001714562,https://www.sec.gov/Archives/edgar/data/1714562/000164117225020268/form8-k.htm
2025-07-18,GAME,424B5,0001641172-25-020129,0001714562,https://www.sec.gov/Archives/edgar/data/1714562/000164117225020129/form424b5.htm
2025-10-21,GLXY,8-K,0001859392-25-000073,0001859392,https://www.sec.gov/Archives/edgar/data/1859392/000185939225000073/glxy-20251021.htm
2025-10-20,GLXY,S-1,0001859392-25-000070,0001859392,https://www.sec.gov/Archives/edgar/data/1859392/000185939225000070/glxy-20251020.htm
2025-10-20,GLXY,424B3,0001859392-25-000068,0001859392,https://www.sec.gov/Archives/edgar/data/1859392/000185939225000068/a424b3-8xkaxcreditagreement.htm
2025-10-20,GLXY,8-K/A,0001859392-25-000066,0001859392,https://www.sec.gov/Archives/edgar/data/1859392/000185939225000066/glxy-20250815.htm
2025-10-14,GLXY,424B3,0001859392-25-000062,0001859392,https://www.sec.gov/Archives/edgar/data/1859392/000185939225000062/a424b3-october2025pipe.htm
2025-10-14,GLXY,8-K,0001859392-25-000061,0001859392,https://www.sec.gov/Archives/edgar/data/1859392/000185939225000061/glxy-20251010.htm
2025-09-03,GLXY,8-K,0001859392-25-000052,0001859392,https://www.sec.gov/Archives/edgar/data/1859392/000185939225000052/glxy-20250903.htm
2025-08-29,GLXY,424B3,0001859392-25-000050,0001859392,https://www.sec.gov/Archives/edgar/data/1859392/000185939225000050/a424b3-8xk_aasiegelseparat.htm
2025-08-29,GLXY,8-K/A,0001859392-25-000049,0001859392,https://www.sec.gov/Archives/edgar/data/1859392/000185939225000049/glxy-20250806.htm
2025-08-15,GLXY,424B3,0001859392-25-000040,0001859392,https://www.sec.gov/Archives/edgar/data/1859392/000185939225000040/a424b3-creditagreement8xka.htm
2025-10-07,GME,8-K,0001326380-25-000091,0001326380,https://www.sec.gov/Archives/edgar/data/1326380/000132638025000091/gme-20251007.htm
2025-10-03,GME,S-3ASR,0001326380-25-000081,0001326380,https://www.sec.gov/Archives/edgar/data/1326380/000132638025000081/gme-formsx3asr.htm
2025-09-09,GME,10-Q,0001326380-25-000075,0001326380,https://www.sec.gov/Archives/edgar/data/1326380/000132638025000075/gme-20250802.htm
2025-09-09,GME,8-K,0001326380-25-000073,0001326380,https://www.sec.gov/Archives/edgar/data/1326380/000132638025000073/gme-20250909.htm
2025-08-11,GME,8-K,0001326380-25-000064,0001326380,https://www.sec.gov/Archives/edgar/data/1326380/000132638025000064/gme-20250808.htm
2025-06-24,GME,8-K,0001326380-25-000059,0001326380,https://www.sec.gov/Archives/edgar/data/1326380/000132638025000059/gme-20250623.htm
2025-06-17,GME,8-K,0001326380-25-000055,0001326380,https://www.sec.gov/Archives/edgar/data/1326380/000132638025000055/gme-20250611.htm
2025-06-13,GME,8-K,0001326380-25-000041,0001326380,https://www.sec.gov/Archives/edgar/data/1326380/000132638025000041/gme-20250612.htm
2025-06-10,GME,10-Q,0001326380-25-000035,0001326380,https://www.sec.gov/Archives/edgar/data/1326380/000132638025000035/gme-20250503.htm
2025-06-10,GME,8-K,0001326380-25-000034,0001326380,https://www.sec.gov/Archives/edgar/data/1326380/000132638025000034/gme-20250610.htm
2025-07-07,GNS,424B5,0001641172-25-017930,0001847806,https://www.sec.gov/Archives/edgar/data/1847806/000164117225017930/form424b5.htm
2025-05-14,GNS,424B5,0001641172-25-010113,0001847806,https://www.sec.gov/Archives/edgar/data/1847806/000164117225010113/form424b5.htm
2025-10-21,HSDT,8-K,0001104659-25-100920,0001610853,https://www.sec.gov/Archives/edgar/data/1610853/000110465925100920/hsdt-20251020x8k.htm
2025-10-20,HSDT,S-3ASR,0001104659-25-100503,0001610853,https://www.sec.gov/Archives/edgar/data/1610853/000110465925100503/tm2528985-1_s3asr.htm
2025-10-16,HSDT,8-K,0001104659-25-100076,0001610853,https://www.sec.gov/Archives/edgar/data/1610853/000110465925100076/hsdt-20251015x8k.htm
2025-09-29,HSDT,8-K,0001104659-25-094134,0001610853,https://www.sec.gov/Archives/edgar/data/1610853/000110465925094134/tm2527115d1_8k.htm
2025-09-25,HSDT,8-K,0001104659-25-093161,0001610853,https://www.sec.gov/Archives/edgar/data/1610853/000110465925093161/hsdt-20250924x8k.htm
2025-09-22,HSDT,8-K,0001104659-25-091854,0001610853,https://www.sec.gov/Archives/edgar/data/1610853/000110465925091854/tm2526642d1_8k.htm
2025-09-22,HSDT,S-3ASR,0001104659-25-091789,0001610853,https://www.sec.gov/Archives/edgar/data/1610853/000110465925091789/tm2526567-1_s3asr.htm
2025-09-18,HSDT,8-K,0001104659-25-091281,0001610853,https://www.sec.gov/Archives/edgar/data/1610853/000110465925091281/tm2526455d1_8k.htm
2025-09-15,HSDT,8-K,0001104659-25-089778,0001610853,https://www.sec.gov/Archives/edgar/data/1610853/000110465925089778/tm2526081d1_8k.htm
2025-09-15,HSDT,424B5,0001104659-25-089776,0001610853,https://www.sec.gov/Archives/edgar/data/1610853/000110465925089776/tm2526081-2_424b5.htm
2025-03-27,ICG,424B5,0001193125-25-064360,0001895597,https://www.sec.gov/Archives/edgar/data/1895597/000119312525064360/d868694d424b5.htm
2025-10-24,KIDZ,S-1,0001477932-25-007747,0002022308,https://www.sec.gov/Archives/edgar/data/2022308/000147793225007747/class_s1.htm
2025-10-23,KIDZ,424B3,0001477932-25-007689,0002022308,https://www.sec.gov/Archives/edgar/data/2022308/000147793225007689/class_424b3.htm
2025-10-15,KIDZ,8-K,0001477932-25-007592,0002022308,https://www.sec.gov/Archives/edgar/data/2022308/000147793225007592/class_8k.htm
2025-10-03,KIDZ,S-1,0001477932-25-007345,0002022308,https://www.sec.gov/Archives/edgar/data/2022308/000147793225007345/class_s1.htm
2025-09-17,KIDZ,8-K,0001477932-25-006832,0002022308,https://www.sec.gov/Archives/edgar/data/2022308/000147793225006832/class_8k.htm
2025-09-11,KIDZ,S-1/A,0001477932-25-006650,0002022308,https://www.sec.gov/Archives/edgar/data/2022308/000147793225006650/class_s1a.htm
2025-08-21,KIDZ,S-1/A,0001477932-25-006166,0002022308,https://www.sec.gov/Archives/edgar/data/2022308/000147793225006166/class_s1a.htm
2025-08-14,KIDZ,10-Q,0001477932-25-005935,0002022308,https://www.sec.gov/Archives/edgar/data/2022308/000147793225005935/class_10q.htm
2025-08-01,KIDZ,S-1/A,0001477932-25-005402,0002022308,https://www.sec.gov/Archives/edgar/data/2022308/000147793225005402/class_s1a.htm
2025-07-22,KIDZ,8-K,0001477932-25-005186,0002022308,https://www.sec.gov/Archives/edgar/data/2022308/000147793225005186/class_8k.htm
2025-10-24,LMFA,8-K,0001193125-25-249964,0001640384,https://www.sec.gov/Archives/edgar/data/1640384/000119312525249964/lmfa-20251021.htm
2025-10-17,LMFA,8-K,0001193125-25-242538,0001640384,https://www.sec.gov/Archives/edgar/data/1640384/000119312525242538/lmfa-20251014.htm
2025-10-10,LMFA,S-3/A,0001193125-25-237141,0001640384,https://www.sec.gov/Archives/edgar/data/1640384/000119312525237141/d933609ds3a.htm
2025-10-08,LMFA,8-K,0001193125-25-234052,0001640384,https://www.sec.gov/Archives/edgar/data/1640384/000119312525234052/lmfa-20251008.htm
2025-10-03,LMFA,8-K,0001193125-25-230146,0001640384,https://www.sec.gov/Archives/edgar/data/1640384/000119312525230146/lmfa-20250930.htm
2025-09-18,LMFA,S-3/A,0001193125-25-207393,0001640384,https://www.sec.gov/Archives/edgar/data/1640384/000119312525207393/d933609ds3a.htm
2025-09-18,LMFA,8-K,0001193125-25-206860,0001640384,https://www.sec.gov/Archives/edgar/data/1640384/000119312525206860/lmfa-20250915.htm
2025-09-08,LMFA,8-K,0000950170-25-113368,0001640384,https://www.sec.gov/Archives/edgar/data/1640384/000095017025113368/lmfa-20250908.htm
2025-09-02,LMFA,8-K,0000950170-25-112466,0001640384,https://www.sec.gov/Archives/edgar/data/1640384/000095017025112466/lmfa-20250828.htm
2025-08-27,LMFA,S-3,0001193125-25-189768,0001640384,https://www.sec.gov/Archives/edgar/data/1640384/000119312525189768/d933609ds3.htm
2025-08-11,MARA,8-K,0001641172-25-023015,0001507605,https://www.sec.gov/Archives/edgar/data/1507605/000164117225023015/form8-k.htm
2025-07-29,MARA,10-Q,0001507605-25-000018,0001507605,https://www.sec.gov/Archives/edgar/data/1507605/000150760525000018/mara-20250630.htm
2025-07-29,MARA,8-K,0001507605-25-000016,0001507605,https://www.sec.gov/Archives/edgar/data/1507605/000150760525000016/mara-20250729.htm
2025-07-28,MARA,8-K,0000950142-25-002027,0001507605,https://www.sec.gov/Archives/edgar/data/1507605/000095014225002027/eh250659491_8k.htm
2025-07-24,MARA,8-K,0000950142-25-001993,0001507605,https://www.sec.gov/Archives/edgar/data/1507605/000095014225001993/eh250658656_8k.htm
2025-07-23,MARA,8-K,0000950142-25-001988,0001507605,https://www.sec.gov/Archives/edgar/data/1507605/000095014225001988/eh250657076_8k.htm
2025-06-27,MARA,8-K,0001641172-25-016953,0001507605,https://www.sec.gov/Archives/edgar/data/1507605/000164117225016953/form8-k.htm
2025-05-09,MARA,8-K,0001641172-25-009348,0001507605,https://www.sec.gov/Archives/edgar/data/1507605/000164117225009348/form8-k.htm
2025-05-08,MARA,10-Q,0001507605-25-000009,0001507605,https://www.sec.gov/Archives/edgar/data/1507605/000150760525000009/mara-20250331.htm
2025-03-28,MARA,8-K,0001641172-25-001327,0001507605,https://www.sec.gov/Archives/edgar/data/1507605/000164117225001327/form8-k.htm
2025-10-27,MSTR,8-K,0001193125-25-250751,0001050446,https://www.sec.gov/Archives/edgar/data/1050446/000119312525250751/mstr-20250902.htm
2025-10-20,MSTR,8-K,0001193125-25-243049,0001050446,https://www.sec.gov/Archives/edgar/data/1050446/000119312525243049/mstr-20250902.htm
2025-10-14,MSTR,8-K,0001193125-25-238132,0001050446,https://www.sec.gov/Archives/edgar/data/1050446/000119312525238132/mstr-20250902.htm
2025-10-06,MSTR,8-K,0001193125-25-230977,0001050446,https://www.sec.gov/Archives/edgar/data/1050446/000119312525230977/d49048d8k.htm
2025-10-01,MSTR,8-K,0001193125-25-225904,0001050446,https://www.sec.gov/Archives/edgar/data/1050446/000119312525225904/d807448d8k.htm
2025-09-30,MSTR,8-K,0001193125-25-225038,0001050446,https://www.sec.gov/Archives/edgar/data/1050446/000119312525225038/d939712d8k.htm
2025-09-29,MSTR,8-K,0001193125-25-221772,0001050446,https://www.sec.gov/Archives/edgar/data/1050446/000119312525221772/mstr-20250902.htm
2025-09-22,MSTR,8-K,0001193125-25-210048,0001050446,https://www.sec.gov/Archives/edgar/data/1050446/000119312525210048/mstr-20250902.htm
2025-09-15,MSTR,8-K,0001193125-25-202827,0001050446,https://www.sec.gov/Archives/edgar/data/1050446/000119312525202827/mstr-20250902.htm
2025-09-08,MSTR,8-K,0000950170-25-113360,0001050446,https://www.sec.gov/Archives/edgar/data/1050446/000095017025113360/mstr-20250902.htm
2025-10-07,NAKA,424B3,0001213900-25-097114,0001946573,https://www.sec.gov/Archives/edgar/data/1946573/000121390025097114/ea0260635-424b3_kindly.htm
2025-10-07,NAKA,8-K,0001213900-25-096801,0001946573,https://www.sec.gov/Archives/edgar/data/1946573/000121390025096801/ea0260402-8k_kindly.htm
2025-10-06,NAKA,424B3,0001213900-25-096239,0001946573,https://www.sec.gov/Archives/edgar/data/1946573/000121390025096239/ea026027002-424b3_kindly.htm
2025-10-03,NAKA,8-K,0001213900-25-096183,0001946573,https://www.sec.gov/Archives/edgar/data/1946573/000121390025096183/ea0260270-8k_kindly.htm
2025-09-29,NAKA,424B3,0001213900-25-092533,0001946573,https://www.sec.gov/Archives/edgar/data/1946573/000121390025092533/ea025907103-424b3_kindly.htm
2025-09-29,NAKA,424B3,0001213900-25-092532,0001946573,https://www.sec.gov/Archives/edgar/data/1946573/000121390025092532/ea025907102-424b3_kindly.htm
2025-09-29,NAKA,424B3,0001213900-25-092531,0001946573,https://www.sec.gov/Archives/edgar/data/1946573/000121390025092531/ea025907101-424b3_kindly.htm
2025-09-26,NAKA,8-K,0001213900-25-092429,0001946573,https://www.sec.gov/Archives/edgar/data/1946573/000121390025092429/ea0259039-8k_kindly.htm
2025-09-26,NAKA,424B7,0001213900-25-092325,0001946573,https://www.sec.gov/Archives/edgar/data/1946573/000121390025092325/ea0258122-424b7_kindly.htm
2025-09-16,NAKA,8-K,0001213900-25-088174,0001946573,https://www.sec.gov/Archives/edgar/data/1946573/000121390025088174/ea0257601-8k_kindly.htm
2025-10-28,SBET,8-K,0001493152-25-019828,0001981535,https://www.sec.gov/Archives/edgar/data/1981535/000149315225019828/form8-k.htm
2025-10-21,SBET,8-K,0001493152-25-018731,0001981535,https://www.sec.gov/Archives/edgar/data/1981535/000149315225018731/form8-k.htm
2025-10-17,SBET,8-K,0001493152-25-018379,0001981535,https://www.sec.gov/Archives/edgar/data/1981535/000149315225018379/form8-k.htm
2025-10-17,SBET,424B5,0001493152-25-018377,0001981535,https://www.sec.gov/Archives/edgar/data/1981535/000149315225018377/form424b5.htm
2025-09-25,SBET,8-K,0001493152-25-014949,0001981535,https://www.sec.gov/Archives/edgar/data/1981535/000149315225014949/form8-k.htm
2025-09-25,SBET,8-K,0001493152-25-014866,0001981535,https://www.sec.gov/Archives/edgar/data/1981535/000149315225014866/form8-k.htm
2025-09-16,SBET,8-K,0001493152-25-013634,0001981535,https://www.sec.gov/Archives/edgar/data/1981535/000149315225013634/form8-k.htm
2025-09-09,SBET,8-K,0001493152-25-012846,0001981535,https://www.sec.gov/Archives/edgar/data/1981535/000149315225012846/form8-k.htm
2025-09-02,SBET,8-K,0001493152-25-012518,0001981535,https://www.sec.gov/Archives/edgar/data/1981535/000149315225012518/form8-k.htm
2025-08-26,SBET,8-K,0001641172-25-025469,0001981535,https://www.sec.gov/Archives/edgar/data/1981535/000164117225025469/form8-k.htm
2025-10-17,SMLR,8-K,0001554859-25-000057,0001554859,https://www.sec.gov/Archives/edgar/data/1554859/000155485925000057/smlr-20251016x8k.htm
2025-10-03,SMLR,8-K,0001554859-25-000053,0001554859,https://www.sec.gov/Archives/edgar/data/1554859/000155485925000053/smlr-20251003x8k.htm
2025-09-26,SMLR,8-K,0001104659-25-093562,0001554859,https://www.sec.gov/Archives/edgar/data/1554859/000110465925093562/tm2526607d8_8k.htm
2025-09-24,SMLR,8-K,0001104659-25-092624,0001554859,https://www.sec.gov/Archives/edgar/data/1554859/000110465925092624/tm2526607d5_8k.htm
2025-09-22,SMLR,8-K,0001104659-25-092186,0001554859,https://www.sec.gov/Archives/edgar/data/1554859/000110465925092186/tm2526607d3_8k.htm
2025-09-22,SMLR,8-K,0001104659-25-091918,0001554859,https://www.sec.gov/Archives/edgar/data/1554859/000110465925091918/tm2526607d1_8k.htm
2025-09-16,SMLR,8-K,0001104659-25-090456,0001554859,https://www.sec.gov/Archives/edgar/data/1554859/000110465925090456/tm2526161d1_8k.htm
2025-09-05,SMLR,8-K,0001554859-25-000048,0001554859,https://www.sec.gov/Archives/edgar/data/1554859/000155485925000048/smlr-20250905x8k.htm
2025-08-04,SMLR,10-Q,0001554859-25-000044,0001554859,https://www.sec.gov/Archives/edgar/data/1554859/000155485925000044/smlr-20250630x10q.htm
2025-08-04,SMLR,8-K,0001554859-25-000042,0001554859,https://www.sec.gov/Archives/edgar/data/1554859/000155485925000042/smlr-20250804x8k.htm
2025-07-25,SQNS,424B3,0001383395-25-000071,0001383395,https://www.sec.gov/Archives/edgar/data/1383395/000138339525000071/sequans-equity424b3.htm
2025-07-25,SQNS,424B3,0001383395-25-000070,0001383395,https://www.sec.gov/Archives/edgar/data/1383395/000138339525000070/sequans-debt424b3.htm
2022-03-10,SQNS,424B5,0001193125-22-071921,0001383395,https://www.sec.gov/Archives/edgar/data/1383395/000119312522071921/d485296d424b5.htm
2020-12-07,SQNS,424B5,0001193125-20-311743,0001383395,https://www.sec.gov/Archives/edgar/data/1383395/000119312520311743/d16684d424b5.htm
2020-05-11,SQNS,424B5,0001193125-20-139087,0001383395,https://www.sec.gov/Archives/edgar/data/1383395/000119312520139087/d865094d424b5.htm
2020-03-31,SQNS,424B5,0001193125-20-091998,0001383395,https://www.sec.gov/Archives/edgar/data/1383395/000119312520091998/d904983d424b5.htm
2018-01-16,SQNS,424B5,0001193125-18-011188,0001383395,https://www.sec.gov/Archives/edgar/data/1383395/000119312518011188/d491438d424b5.htm
2017-06-13,SQNS,424B5,0001193125-17-202459,0001383395,https://www.sec.gov/Archives/edgar/data/1383395/000119312517202459/d380980d424b5.htm
2016-09-14,SQNS,424B5,0001193125-16-709672,0001383395,https://www.sec.gov/Archives/edgar/data/1383395/000119312516709672/d243097d424b5.htm
2013-11-20,SQNS,424B5,0001193125-13-448458,0001383395,https://www.sec.gov/Archives/edgar/data/1383395/000119312513448458/d630279d424b5.htm
2025-10-23,STSS,S-3,0001493152-25-019099,0001737995,https://www.sec.gov/Archives/edgar/data/1737995/000149315225019099/forms-3.htm
2025-10-15,STSS,8-K,0001493152-25-018148,0001737995,https://www.sec.gov/Archives/edgar/data/1737995/000149315225018148/form8-k.htm
2025-10-09,STSS,8-K,0001493152-25-017529,0001737995,https://www.sec.gov/Archives/edgar/data/1737995/000149315225017529/form8-k.htm
2025-10-07,STSS,8-K,0001493152-25-017301,0001737995,https://www.sec.gov/Archives/edgar/data/1737995/000149315225017301/form8-k.htm
2025-10-06,STSS,8-K,0001493152-25-017032,0001737995,https://www.sec.gov/Archives/edgar/data/1737995/000149315225017032/form8-k.htm
2025-09-29,STSS,8-K,0001493152-25-016057,0001737995,https://www.sec.gov/Archives/edgar/data/1737995/000149315225016057/form8-k.htm
2025-09-15,STSS,S-3,0001493152-25-013411,0001737995,https://www.sec.gov/Archives/edgar/data/1737995/000149315225013411/forms-3.htm
2025-09-02,STSS,8-K,0001641172-25-026162,0001737995,https://www.sec.gov/Archives/edgar/data/1737995/000164117225026162/form8-k.htm
2025-09-02,STSS,424B5,0001641172-25-026160,0001737995,https://www.sec.gov/Archives/edgar/data/1737995/000164117225026160/form424b5.htm
2025-09-02,STSS,S-3MEF,0001641172-25-026141,0001737995,https://www.sec.gov/Archives/edgar/data/1737995/000164117225026141/forms-3mef.htm
2025-10-24,UPXI,8-K,0001477932-25-007749,0001775194,https://www.sec.gov/Archives/edgar/data/1775194/000147793225007749/upxi_8k.htm
2025-10-20,UPXI,S-1/A,0001477932-25-007662,0001775194,https://www.sec.gov/Archives/edgar/data/1775194/000147793225007662/upxi_s1a.htm
2025-10-20,UPXI,S-1/A,0001477932-25-007661,0001775194,https://www.sec.gov/Archives/edgar/data/1775194/000147793225007661/upxi_s1a.htm
2025-10-09,UPXI,8-K,0001477932-25-007473,0001775194,https://www.sec.gov/Archives/edgar/data/1775194/000147793225007473/upxi_8k.htm
2025-10-03,UPXI,8-K,0001477932-25-007346,0001775194,https://www.sec.gov/Archives/edgar/data/1775194/000147793225007346/upxi_8k.htm
2025-10-02,UPXI,S-1/A,0001477932-25-007283,0001775194,https://www.sec.gov/Archives/edgar/data/1775194/000147793225007283/upxi_s1a.htm
2025-10-02,UPXI,S-1/A,0001477932-25-007282,0001775194,https://www.sec.gov/Archives/edgar/data/1775194/000147793225007282/upxi_s1a.htm
2025-09-26,UPXI,8-K,0001477932-25-007090,0001775194,https://www.sec.gov/Archives/edgar/data/1775194/000147793225007090/upxi_8k.htm
2025-09-24,UPXI,S-1/A,0001477932-25-007000,0001775194,https://www.sec.gov/Archives/edgar/data/1775194/000147793225007000/upxi_s1a.htm
2025-09-24,UPXI,S-1/A,0001477932-25-006999,0001775194,https://www.sec.gov/Archives/edgar/data/1775194/000147793225006999/upxi_s1a.htm
2025-10-08,USBC,8-K,0001161697-25-000354,0001074828,https://www.sec.gov/Archives/edgar/data/1074828/000116169725000354/form_8-k.htm
2025-10-03,USBC,8-K,0001654954-25-011446,0001074828,https://www.sec.gov/Archives/edgar/data/1074828/000165495425011446/usbc_8k.htm
2025-09-19,USBC,S-1,0001654954-25-010951,0001074828,https://www.sec.gov/Archives/edgar/data/1074828/000165495425010951/usbc_s1.htm
2025-09-05,USBC,424B5,0001654954-25-010448,0001074828,https://www.sec.gov/Archives/edgar/data/1074828/000165495425010448/usbc_424b5.htm
2025-09-05,USBC,8-K,0001654954-25-010447,0001074828,https://www.sec.gov/Archives/edgar/data/1074828/000165495425010447/usbc_8k.htm
2025-08-15,USBC,8-K,0001654954-25-009690,0001074828,https://www.sec.gov/Archives/edgar/data/1074828/000165495425009690/usbc_8k.htm
2025-08-07,USBC,8-K,0001654954-25-009164,0001074828,https://www.sec.gov/Archives/edgar/data/1074828/000165495425009164/knwn_8k.htm
2025-08-05,USBC,10-Q,0001654954-25-009047,0001074828,https://www.sec.gov/Archives/edgar/data/1074828/000165495425009047/knwn_10q.htm
2025-08-01,USBC,8-K,0001654954-25-008797,0001074828,https://www.sec.gov/Archives/edgar/data/1074828/000165495425008797/knwn_8k.htm
2025-07-30,USBC,8-K,0001654954-25-008656,0001074828,https://www.sec.gov/Archives/edgar/data/1074828/000165495425008656/knwn_8k.htm
